"Name","Internal name","Type","Description","Group name","Form field","Options","Read only value","Read only definition","Calculated","External options","Deleted","HubSpot defined","Created user","Usages","Fill rate","Last Updated Time","Update Source"
"Access","hs_access","enumeration","The summarized access levels that this user has","access","false","Super Admin (super_admin); Contacts (contacts); Marketing (marketing); Sales (sales); Service (service); Reports (reports); Partner (partner_program_tools); Account (account); Partner Admin (partner_admin)","true","true","false","false","false","true","HubSpot","","100%","",""
"Seat","hs_assigned_seats","enumeration","The seats assigned to this user","access","false","","true","true","false","true","false","true","HubSpot","","100%","",""
"Deactivated","hs_deactivated","bool","Users who are deactivated and no longer have access to this HubSpot account.","access","false","Yes (true); No (false)","true","true","false","false","false","true","HubSpot","","100%","",""
"Default Team (Formerly Main Team)","hs_user_assigned_primary_team","enumeration","The assigned primary team of the user","setup","false","","true","true","false","true","false","true","HubSpot","","37.84%","",""
"Extra Teams","hs_user_secondary_teams","enumeration","The secondary teams for the user","setup","false","","true","true","false","true","false","true","HubSpot","","0%","",""
"Calendar Status","hs_calendar_connection_status","bool","Personal calendar connected to use HubSpot Meetings, calendar sync and scheduling pages.","user_activity","false","Connected (true); Disconnected (false)","true","true","false","false","false","true","HubSpot","","45.95%","",""
"Email Status","hs_connected_email_status","enumeration","Personal email accounts connected to HubSpot to log, track, send, and receive emails.","user_activity","false","Disabled (DISABLED); Error (ERROR); Enabled (ENABLED)","true","true","false","false","false","true","HubSpot","","93.24%","",""
"Invite Status","hs_invite_status","enumeration","The user's invite status.","user_activity","false","Deactivated (deactivated) [READ-ONLY]; Invite pending (invite_pending) [READ-ONLY]; Invite bounced (invite_bounced) [READ-ONLY]; Invite accepted (invite_accepted) [READ-ONLY]","true","true","true","false","false","true","HubSpot","","100%","",""
"Last Active","hs_last_activity_time","datetime","The last time this user performed actions within the app on desktop or mobile. Updated daily.","user_activity","false","","true","true","false","false","false","true","HubSpot","","97.3%","",""
"Last Password Change","hs_last_password_change","datetime","The last time this user updated their password.","user_activity","false","","true","true","false","false","false","true","HubSpot","","62.16%","",""
"Scheduling Pages","hs_meetings_enabled","bool","Shares personal availability in scheduling pages to allow prospects to book time on their connected calendar.","user_activity","false","On (true); Off (false)","true","true","false","false","false","true","HubSpot","","45.95%","",""
"Additional Phone","hs_additional_phone","phone_number","The user's additional phone number","user_information","false","","false","true","false","false","false","true","HubSpot","","0%","",""
"Permission Sets","hs_assigned_permission_sets","enumeration","The permission sets assigned to this user","user_information","false","","true","true","false","true","false","true","HubSpot","","33.78%","",""
"Calendar Sync","hs_calendar_sync_enabled","bool","Calendar sync logs new meetings from their primary calendar to existing contacts in HubSpot.","user_information","false","On (true); Off (false)","true","true","false","false","false","true","HubSpot","","45.95%","",""
"Created by user ID","hs_created_by_user_id","number","The user who created this record. This value is set automatically by HubSpot.","user_information","false","","true","true","false","true","false","true","HubSpot","","86.49%","",""
"Created date","hs_createdate","datetime","The date and time at which this object was created. This value is automatically set by HubSpot and may not be modified.","user_information","false","","true","true","false","false","false","true","HubSpot","","100%","",""
"Email","hs_email","string","The user's email address.","user_information","false","","true","true","false","false","false","true","HubSpot","","100%","",""
"Last Name","hs_family_name","string","The user's last or family name.","user_information","false","","true","true","false","false","false","true","HubSpot","","100%","",""
"First Name","hs_given_name","string","The user's first or given name.","user_information","false","","true","true","false","false","false","true","HubSpot","","100%","",""
"Internal User ID","hs_internal_user_id","number","The user's unique internal ID in HubSpot's centralized database. This is not portal-specific.","user_information","false","","true","true","false","false","false","true","HubSpot","","100%","",""
"Invite Accepted Time","hs_invite_accepted_time","datetime","The time the user accepted their invite to the portal.","user_information","false","","true","true","false","false","false","true","HubSpot","","98.65%","",""
"Partner","hs_is_partner_user","bool","Property to say if a user is working on that hub on behalf of a Solutions Partner or a Solutions Provider","user_information","false","True (true) [READ-ONLY]; False (false) [READ-ONLY]","true","true","false","false","false","true","HubSpot","","100%","",""
"Job Title","hs_job_title","string","Displays the user's job title.","user_information","false","","false","true","false","false","false","true","HubSpot","","2.7%","",""
"Object last modified date/time","hs_lastmodifieddate","datetime","Most recent timestamp of any property update for this object. This includes HubSpot internal properties, which can be visible or hidden. This property is updated automatically.","user_information","false","","true","true","false","false","false","true","HubSpot","","100%","",""
"Main Phone","hs_main_phone","phone_number","The user's main phone number","user_information","false","","true","true","false","false","false","true","HubSpot","","14.86%","",""
"Manager","hs_manager","enumeration","The user's manager. Can be any non-deactivated or non-partner user in the account","user_information","false","","false","true","false","true","false","true","HubSpot","","0%","",""
"Merged record IDs","hs_merged_object_ids","enumeration","The list of record IDs that have been merged into this record. This value is set automatically by HubSpot.","user_information","false","","true","true","false","true","false","true","HubSpot","","0%","",""
"Record ID","hs_object_id","number","The unique ID for this record. This value is set automatically by HubSpot.","user_information","false","","true","true","false","false","false","true","HubSpot","","100%","",""
"Record source detail 1","hs_object_source_detail_1","string","First level of detail on how this record was created.","user_information","false","","true","true","false","false","false","true","HubSpot","","0%","",""
"Record source detail 2","hs_object_source_detail_2","string","Second level of detail on how this record was created.","user_information","false","","true","true","false","false","false","true","HubSpot","","0%","",""
"Record source detail 3","hs_object_source_detail_3","string","Third level of detail on how this record was created.","user_information","false","","true","true","false","false","false","true","HubSpot","","0%","",""
"Record source","hs_object_source_label","enumeration","How this record was created.","user_information","false","","true","true","false","true","false","true","HubSpot","","41.89%","",""
"Partner User","hs_partner_user","enumeration","The type of partner user (partner or provider) if applicable","user_information","false","Partner User (partner_user); Provider User (provider_user)","true","true","false","false","false","true","HubSpot","","9.46%","",""
"SCIM Status","hs_scim_status","bool","Demonstrates whether the user is managed by SCIM","user_information","false","Managed by SCIM (true); Not Managed by SCIM (false)","true","true","false","false","false","true","HubSpot","","58.11%","",""
"Name","hs_searchable_calculated_name","string","The user's full name or  email. If first/last name do not exist, then the email will be given.","user_information","false","","true","true","true","false","false","true","HubSpot","","100%","",""
"Standard Time Zone","hs_standard_time_zone","enumeration","","user_information","false","Africa Abidjan (Africa/Abidjan) [READ-ONLY]; Africa Accra (Africa/Accra) [READ-ONLY]; Africa Addis Ababa (Africa/Addis_Ababa) [READ-ONLY]; Africa Algiers (Africa/Algiers) [READ-ONLY]; Africa Asmara (Africa/Asmara) [READ-ONLY]; Africa Asmera (Africa/Asmera) [READ-ONLY]; Africa Bamako (Africa/Bamako) [READ-ONLY]; Africa Bangui (Africa/Bangui) [READ-ONLY]; Africa Banjul (Africa/Banjul) [READ-ONLY]; Africa Bissau (Africa/Bissau) [READ-ONLY]; Africa Blantyre (Africa/Blantyre) [READ-ONLY]; Africa Brazzaville (Africa/Brazzaville) [READ-ONLY]; Africa Bujumbura (Africa/Bujumbura) [READ-ONLY]; Africa Cairo (Africa/Cairo) [READ-ONLY]; Africa Casablanca (Africa/Casablanca) [READ-ONLY]; Africa Ceuta (Africa/Ceuta) [READ-ONLY]; Africa Conakry (Africa/Conakry) [READ-ONLY]; Africa Dakar (Africa/Dakar) [READ-ONLY]; Africa Dar es_Salaam (Africa/Dar_es_Salaam) [READ-ONLY]; Africa Djibouti (Africa/Djibouti) [READ-ONLY]; Africa Douala (Africa/Douala) [READ-ONLY]; Africa El Aaiun (Africa/El_Aaiun) [READ-ONLY]; Africa Freetown (Africa/Freetown) [READ-ONLY]; Africa Gaborone (Africa/Gaborone) [READ-ONLY]; Africa Harare (Africa/Harare) [READ-ONLY]; Africa Johannesburg (Africa/Johannesburg) [READ-ONLY]; Africa Juba (Africa/Juba) [READ-ONLY]; Africa Egypt (Africa/Egypt) [READ-ONLY]; Africa Kampala (Africa/Kampala) [READ-ONLY]; Africa Libya (Africa/Libya) [READ-ONLY]; Africa Khartoum (Africa/Khartoum) [READ-ONLY]; Africa Kigali (Africa/Kigali) [READ-ONLY]; Africa Kinshasa (Africa/Kinshasa) [READ-ONLY]; Africa Lagos (Africa/Lagos) [READ-ONLY]; Africa Libreville (Africa/Libreville) [READ-ONLY]; Africa Lome (Africa/Lome) [READ-ONLY]; Africa Luanda (Africa/Luanda) [READ-ONLY]; Africa Lubumbashi (Africa/Lubumbashi) [READ-ONLY]; Africa Lusaka (Africa/Lusaka) [READ-ONLY]; Africa Malabo (Africa/Malabo) [READ-ONLY]; Africa Maputo (Africa/Maputo) [READ-ONLY]; Africa Maseru (Africa/Maseru) [READ-ONLY]; Africa Mbabane (Africa/Mbabane) [READ-ONLY]; Africa Mogadishu (Africa/Mogadishu) [READ-ONLY]; Africa Monrovia (Africa/Monrovia) [READ-ONLY]; Africa Nairobi (Africa/Nairobi) [READ-ONLY]; Africa Ndjamena (Africa/Ndjamena) [READ-ONLY]; Africa Niamey (Africa/Niamey) [READ-ONLY]; Africa Nouakchott (Africa/Nouakchott) [READ-ONLY]; Africa Ouagadougou (Africa/Ouagadougou) [READ-ONLY]; Africa Porto-Novo (Africa/Porto-Novo) [READ-ONLY]; Africa Sao Tome (Africa/Sao_Tome) [READ-ONLY]; Africa Timbuktu (Africa/Timbuktu) [READ-ONLY]; Africa Tripoli (Africa/Tripoli) [READ-ONLY]; Africa Tunis (Africa/Tunis) [READ-ONLY]; Africa Windhoek (Africa/Windhoek) [READ-ONLY]; America Adak (America/Adak) [READ-ONLY]; America Anchorage (America/Anchorage) [READ-ONLY]; America Anguilla (America/Anguilla) [READ-ONLY]; America Antigua (America/Antigua) [READ-ONLY]; America Araguaina (America/Araguaina) [READ-ONLY]; America Argentina - Buenos Aires (America/Argentina/Buenos_Aires) [READ-ONLY]; America Argentina - Catamarca (America/Argentina/Catamarca) [READ-ONLY]; America Argentina - ComodRivadavia (America/Argentina/ComodRivadavia) [READ-ONLY]; America Argentina - Cordoba (America/Argentina/Cordoba) [READ-ONLY]; America Argentina - Jujuy (America/Argentina/Jujuy) [READ-ONLY]; America Argentina - La Rioja (America/Argentina/La_Rioja) [READ-ONLY]; America Argentina - Mendoza (America/Argentina/Mendoza) [READ-ONLY]; America Argentina - Rio Gallegos (America/Argentina/Rio_Gallegos) [READ-ONLY]; America Argentina - Salta (America/Argentina/Salta) [READ-ONLY]; America Argentina - San Juan (America/Argentina/San_Juan) [READ-ONLY]; America Argentina - San Luis (America/Argentina/San_Luis) [READ-ONLY]; America Argentina - Tucuman (America/Argentina/Tucuman) [READ-ONLY]; America Argentina - Ushuaia (America/Argentina/Ushuaia) [READ-ONLY]; America Aruba (America/Aruba) [READ-ONLY]; America Asuncion (America/Asuncion) [READ-ONLY]; America Atikokan (America/Atikokan) [READ-ONLY]; America Atka (America/Atka) [READ-ONLY]; America Bahia (America/Bahia) [READ-ONLY]; America Bahia Banderas (America/Bahia_Banderas) [READ-ONLY]; America Barbados (America/Barbados) [READ-ONLY]; America Belem (America/Belem) [READ-ONLY]; America Belize (America/Belize) [READ-ONLY]; America Blanc-Sablon (America/Blanc-Sablon) [READ-ONLY]; America Boa Vista (America/Boa_Vista) [READ-ONLY]; America Bogota (America/Bogota) [READ-ONLY]; America Boise (America/Boise) [READ-ONLY]; America Buenos Aires (America/Buenos_Aires) [READ-ONLY]; America Cambridge Bay (America/Cambridge_Bay) [READ-ONLY]; America Campo Grande (America/Campo_Grande) [READ-ONLY]; America Cancun (America/Cancun) [READ-ONLY]; America Caracas (America/Caracas) [READ-ONLY]; America Catamarca (America/Catamarca) [READ-ONLY]; America Cayenne (America/Cayenne) [READ-ONLY]; America Cayman (America/Cayman) [READ-ONLY]; America Chicago (America/Chicago) [READ-ONLY]; America Chihuahua (America/Chihuahua) [READ-ONLY]; America Coral Harbour (America/Coral_Harbour) [READ-ONLY]; America Cordoba (America/Cordoba) [READ-ONLY]; America Costa Rica (America/Costa_Rica) [READ-ONLY]; America Creston (America/Creston) [READ-ONLY]; America Cuiaba (America/Cuiaba) [READ-ONLY]; America Curacao (America/Curacao) [READ-ONLY]; America Cuba (America/Cuba) [READ-ONLY]; America Danmarkshavn (America/Danmarkshavn) [READ-ONLY]; America Dawson (America/Dawson) [READ-ONLY]; America Dawson Creek (America/Dawson_Creek) [READ-ONLY]; America Denver (America/Denver) [READ-ONLY]; America Detroit (America/Detroit) [READ-ONLY]; America Dominica (America/Dominica) [READ-ONLY]; America Edmonton (America/Edmonton) [READ-ONLY]; America Eirunepe (America/Eirunepe) [READ-ONLY]; America El Salvador (America/El_Salvador) [READ-ONLY]; America Ensenada (America/Ensenada) [READ-ONLY]; America Fort Nelson (America/Fort_Nelson) [READ-ONLY]; America Fort Wayne (America/Fort_Wayne) [READ-ONLY]; America Fortaleza (America/Fortaleza) [READ-ONLY]; America Glace Bay (America/Glace_Bay) [READ-ONLY]; America Godthab (America/Godthab) [READ-ONLY]; America Goose Bay (America/Goose_Bay) [READ-ONLY]; America Grand Turk (America/Grand_Turk) [READ-ONLY]; America Grenada (America/Grenada) [READ-ONLY]; America Guadeloupe (America/Guadeloupe) [READ-ONLY]; America Guatemala (America/Guatemala) [READ-ONLY]; America Guayaquil (America/Guayaquil) [READ-ONLY]; America Guyana (America/Guyana) [READ-ONLY]; America Halifax (America/Halifax) [READ-ONLY]; America Havana (America/Havana) [READ-ONLY]; America Hermosillo (America/Hermosillo) [READ-ONLY]; America Indiana - Indianapolis (America/Indiana/Indianapolis) [READ-ONLY]; America Indiana - Knox (America/Indiana/Knox) [READ-ONLY]; America Indiana - Marengo (America/Indiana/Marengo) [READ-ONLY]; America Indiana - Petersburg (America/Indiana/Petersburg) [READ-ONLY]; America Indiana - Tell City (America/Indiana/Tell_City) [READ-ONLY]; America Indiana - Vevay (America/Indiana/Vevay) [READ-ONLY]; America Indiana - Vincennes (America/Indiana/Vincennes) [READ-ONLY]; America Indiana - Winamac (America/Indiana/Winamac) [READ-ONLY]; America Indianapolis (America/Indianapolis) [READ-ONLY]; America Inuvik (America/Inuvik) [READ-ONLY]; America Iqaluit (America/Iqaluit) [READ-ONLY]; America Jamaica (America/Jamaica) [READ-ONLY]; America Jujuy (America/Jujuy) [READ-ONLY]; America Juneau (America/Juneau) [READ-ONLY]; America Kentucky (Louisville) (America/Kentucky/Louisville) [READ-ONLY]; America Kentucky (Monticello) (America/Kentucky/Monticello) [READ-ONLY]; America Knox IN (America/Knox_IN) [READ-ONLY]; America Kralendijk (America/Kralendijk) [READ-ONLY]; America La Paz (America/La_Paz) [READ-ONLY]; America Lima (America/Lima) [READ-ONLY]; America Los Angeles (America/Los_Angeles) [READ-ONLY]; America Louisville (America/Louisville) [READ-ONLY]; America Lower Princes (America/Lower_Princes) [READ-ONLY]; America Maceio (America/Maceio) [READ-ONLY]; America Managua (America/Managua) [READ-ONLY]; America Manaus (America/Manaus) [READ-ONLY]; America Marigot (America/Marigot) [READ-ONLY]; America Martinique (America/Martinique) [READ-ONLY]; America Matamoros (America/Matamoros) [READ-ONLY]; America Mazatlan (America/Mazatlan) [READ-ONLY]; America Mendoza (America/Mendoza) [READ-ONLY]; America Menominee (America/Menominee) [READ-ONLY]; America Merida (America/Merida) [READ-ONLY]; America Metlakatla (America/Metlakatla) [READ-ONLY]; America Mexico City (America/Mexico_City) [READ-ONLY]; America Miquelon (America/Miquelon) [READ-ONLY]; America Moncton (America/Moncton) [READ-ONLY]; America Monterrey (America/Monterrey) [READ-ONLY]; America Montevideo (America/Montevideo) [READ-ONLY]; America Montreal (America/Montreal) [READ-ONLY]; America Montserrat (America/Montserrat) [READ-ONLY]; America Nassau (America/Nassau) [READ-ONLY]; America New York (America/New_York) [READ-ONLY]; America Nipigon (America/Nipigon) [READ-ONLY]; America Nome (America/Nome) [READ-ONLY]; America Noronha (America/Noronha) [READ-ONLY]; America North Dakota (Beulah) (America/North_Dakota/Beulah) [READ-ONLY]; America North Dakota (Center) (America/North_Dakota/Center) [READ-ONLY]; America North Dakota (New Salem) (America/North_Dakota/New_Salem) [READ-ONLY]; America Nuuk (America/Nuuk) [READ-ONLY]; America Ojinaga (America/Ojinaga) [READ-ONLY]; America Panama (America/Panama) [READ-ONLY]; America Pangnirtung (America/Pangnirtung) [READ-ONLY]; America Paramaribo (America/Paramaribo) [READ-ONLY]; America Phoenix (America/Phoenix) [READ-ONLY]; America Port-au-Prince (America/Port-au-Prince) [READ-ONLY]; America Port of_Spain (America/Port_of_Spain) [READ-ONLY]; America Porto Acre (America/Porto_Acre) [READ-ONLY]; America Porto Velho (America/Porto_Velho) [READ-ONLY]; America Puerto Rico (America/Puerto_Rico) [READ-ONLY]; America Punta Arenas (America/Punta_Arenas) [READ-ONLY]; America Rainy River (America/Rainy_River) [READ-ONLY]; America Rankin Inlet (America/Rankin_Inlet) [READ-ONLY]; America Recife (America/Recife) [READ-ONLY]; America Regina (America/Regina) [READ-ONLY]; America Resolute (America/Resolute) [READ-ONLY]; America Rio Branco (America/Rio_Branco) [READ-ONLY]; America Rosario (America/Rosario) [READ-ONLY]; America Santa Isabel (America/Santa_Isabel) [READ-ONLY]; America Santarem (America/Santarem) [READ-ONLY]; America Santiago (America/Santiago) [READ-ONLY]; America Santo Domingo (America/Santo_Domingo) [READ-ONLY]; America Sao Paulo (America/Sao_Paulo) [READ-ONLY]; America Scoresbysund (America/Scoresbysund) [READ-ONLY]; America Shiprock (America/Shiprock) [READ-ONLY]; America Sitka (America/Sitka) [READ-ONLY]; America St Barthelemy (America/St_Barthelemy) [READ-ONLY]; America St Johns (America/St_Johns) [READ-ONLY]; America St Kitts (America/St_Kitts) [READ-ONLY]; America St Lucia (America/St_Lucia) [READ-ONLY]; America St Thomas (America/St_Thomas) [READ-ONLY]; America St Vincent (America/St_Vincent) [READ-ONLY]; America Swift Current (America/Swift_Current) [READ-ONLY]; America Tegucigalpa (America/Tegucigalpa) [READ-ONLY]; America Thule (America/Thule) [READ-ONLY]; America Thunder Bay (America/Thunder_Bay) [READ-ONLY]; America Tijuana (America/Tijuana) [READ-ONLY]; America Toronto (America/Toronto) [READ-ONLY]; America Tortola (America/Tortola) [READ-ONLY]; America Vancouver (America/Vancouver) [READ-ONLY]; America Virgin (America/Virgin) [READ-ONLY]; America Whitehorse (America/Whitehorse) [READ-ONLY]; America Winnipeg (America/Winnipeg) [READ-ONLY]; America Yakutat (America/Yakutat) [READ-ONLY]; America Yellowknife (America/Yellowknife) [READ-ONLY]; Antarctica Casey (Antarctica/Casey) [READ-ONLY]; Antarctica Davis (Antarctica/Davis) [READ-ONLY]; Antarctica DumontDUrville (Antarctica/DumontDUrville) [READ-ONLY]; Antarctica Macquarie (Antarctica/Macquarie) [READ-ONLY]; Antarctica Mawson (Antarctica/Mawson) [READ-ONLY]; Antarctica McMurdo (Antarctica/McMurdo) [READ-ONLY]; Antarctica Palmer (Antarctica/Palmer) [READ-ONLY]; Antarctica Rothera (Antarctica/Rothera) [READ-ONLY]; Antarctica South Pole (Antarctica/South_Pole) [READ-ONLY]; Antarctica Syowa (Antarctica/Syowa) [READ-ONLY]; Antarctica Troll (Antarctica/Troll) [READ-ONLY]; Antarctica Vostok (Antarctica/Vostok) [READ-ONLY]; Arctic Longyearbyen (Arctic/Longyearbyen) [READ-ONLY]; Asia Aden (Asia/Aden) [READ-ONLY]; Asia Almaty (Asia/Almaty) [READ-ONLY]; Asia Amman (Asia/Amman) [READ-ONLY]; Asia Anadyr (Asia/Anadyr) [READ-ONLY]; Asia Aqtau (Asia/Aqtau) [READ-ONLY]; Asia Aqtobe (Asia/Aqtobe) [READ-ONLY]; Asia Ashgabat (Asia/Ashgabat) [READ-ONLY]; Asia Ashkhabad (Asia/Ashkhabad) [READ-ONLY]; Asia Atyrau (Asia/Atyrau) [READ-ONLY]; Asia Baghdad (Asia/Baghdad) [READ-ONLY]; Asia Bahrain (Asia/Bahrain) [READ-ONLY]; Asia Baku (Asia/Baku) [READ-ONLY]; Asia Bangkok (Asia/Bangkok) [READ-ONLY]; Asia Barnaul (Asia/Barnaul) [READ-ONLY]; Asia Beirut (Asia/Beirut) [READ-ONLY]; Asia Bishkek (Asia/Bishkek) [READ-ONLY]; Asia Brunei (Asia/Brunei) [READ-ONLY]; Asia Calcutta (Asia/Calcutta) [READ-ONLY]; Asia Choibalsan (Asia/Choibalsan) [READ-ONLY]; Asia Chongqing (Asia/Chongqing) [READ-ONLY]; Asia Chungking (Asia/Chungking) [READ-ONLY]; Asia Colombo (Asia/Colombo) [READ-ONLY]; Asia Dacca (Asia/Dacca) [READ-ONLY]; Asia Damascus (Asia/Damascus) [READ-ONLY]; Asia Dhaka (Asia/Dhaka) [READ-ONLY]; Asia Dili (Asia/Dili) [READ-ONLY]; Asia Dubai (Asia/Dubai) [READ-ONLY]; Asia Dushanbe (Asia/Dushanbe) [READ-ONLY]; Asia Famagusta (Asia/Famagusta) [READ-ONLY]; Asia Gaza (Asia/Gaza) [READ-ONLY]; Asia Harbin (Asia/Harbin) [READ-ONLY]; Asia Hebron (Asia/Hebron) [READ-ONLY]; Asia Ho Chi_Minh (Asia/Ho_Chi_Minh) [READ-ONLY]; Asia Hong Kong (Asia/Hong_Kong) [READ-ONLY]; Asia Hovd (Asia/Hovd) [READ-ONLY]; Asia Irkutsk (Asia/Irkutsk) [READ-ONLY]; Asia Istanbul (Asia/Istanbul) [READ-ONLY]; Asia Jakarta (Asia/Jakarta) [READ-ONLY]; Asia Jayapura (Asia/Jayapura) [READ-ONLY]; Asia Jerusalem (Asia/Jerusalem) [READ-ONLY]; Asia Kabul (Asia/Kabul) [READ-ONLY]; Asia Kamchatka (Asia/Kamchatka) [READ-ONLY]; Asia Karachi (Asia/Karachi) [READ-ONLY]; Asia Kashgar (Asia/Kashgar) [READ-ONLY]; Asia Kathmandu (Asia/Kathmandu) [READ-ONLY]; Asia Katmandu (Asia/Katmandu) [READ-ONLY]; Asia Khandyga (Asia/Khandyga) [READ-ONLY]; Asia Kolkata (Asia/Kolkata) [READ-ONLY]; Asia Krasnoyarsk (Asia/Krasnoyarsk) [READ-ONLY]; Asia Kuala Lumpur (Asia/Kuala_Lumpur) [READ-ONLY]; Asia Kuching (Asia/Kuching) [READ-ONLY]; Asia Kuwait (Asia/Kuwait) [READ-ONLY]; Asia Macao (Asia/Macao) [READ-ONLY]; Asia Macau (Asia/Macau) [READ-ONLY]; Asia Magadan (Asia/Magadan) [READ-ONLY]; Asia Makassar (Asia/Makassar) [READ-ONLY]; Asia Manila (Asia/Manila) [READ-ONLY]; Asia Muscat (Asia/Muscat) [READ-ONLY]; Asia Nicosia (Asia/Nicosia) [READ-ONLY]; Asia Novokuznetsk (Asia/Novokuznetsk) [READ-ONLY]; Asia Novosibirsk (Asia/Novosibirsk) [READ-ONLY]; Asia Omsk (Asia/Omsk) [READ-ONLY]; Asia Oral (Asia/Oral) [READ-ONLY]; Asia Phnom Penh (Asia/Phnom_Penh) [READ-ONLY]; Asia Pontianak (Asia/Pontianak) [READ-ONLY]; Asia Pyongyang (Asia/Pyongyang) [READ-ONLY]; Asia Qatar (Asia/Qatar) [READ-ONLY]; Asia Kostanay (Asia/Qostanay) [READ-ONLY]; Asia Qyzylorda (Asia/Qyzylorda) [READ-ONLY]; Asia Rangoon (Asia/Rangoon) [READ-ONLY]; Asia Riyadh (Asia/Riyadh) [READ-ONLY]; Asia Saigon (Asia/Saigon) [READ-ONLY]; Asia Sakhalin (Asia/Sakhalin) [READ-ONLY]; Asia Samarkand (Asia/Samarkand) [READ-ONLY]; Asia Seoul (Asia/Seoul) [READ-ONLY]; Asia Shanghai (Asia/Shanghai) [READ-ONLY]; Asia Israel (Asia/Israel) [READ-ONLY]; Asia Singapore (Asia/Singapore) [READ-ONLY]; Asia Turkey (Asia/Turkey) [READ-ONLY]; Asia Srednekolymsk (Asia/Srednekolymsk) [READ-ONLY]; Asia Iran (Asia/Iran) [READ-ONLY]; Asia Taipei (Asia/Taipei) [READ-ONLY]; Asia Tashkent (Asia/Tashkent) [READ-ONLY]; Asia Tbilisi (Asia/Tbilisi) [READ-ONLY]; Asia Tehran (Asia/Tehran) [READ-ONLY]; Asia Tel Aviv (Asia/Tel_Aviv) [READ-ONLY]; Asia Thimbu (Asia/Thimbu) [READ-ONLY]; Asia Thimphu (Asia/Thimphu) [READ-ONLY]; Asia Tokyo (Asia/Tokyo) [READ-ONLY]; Asia Tomsk (Asia/Tomsk) [READ-ONLY]; Asia Ujung Pandang (Asia/Ujung_Pandang) [READ-ONLY]; Asia Ulaanbaatar (Asia/Ulaanbaatar) [READ-ONLY]; Asia Ulan Bator (Asia/Ulan_Bator) [READ-ONLY]; Asia Urumqi (Asia/Urumqi) [READ-ONLY]; Asia Ust-Nera (Asia/Ust-Nera) [READ-ONLY]; Asia Vientiane (Asia/Vientiane) [READ-ONLY]; Asia Vladivostok (Asia/Vladivostok) [READ-ONLY]; Asia Yakutsk (Asia/Yakutsk) [READ-ONLY]; Asia Yangon (Asia/Yangon) [READ-ONLY]; Asia Yekaterinburg (Asia/Yekaterinburg) [READ-ONLY]; Asia Yerevan (Asia/Yerevan) [READ-ONLY]; Asia Japan (Asia/Japan) [READ-ONLY]; Atlantic Azores (Atlantic/Azores) [READ-ONLY]; Atlantic Bermuda (Atlantic/Bermuda) [READ-ONLY]; Atlantic Canary (Atlantic/Canary) [READ-ONLY]; Atlantic Cape Verde (Atlantic/Cape_Verde) [READ-ONLY]; Atlantic Faeroe (Atlantic/Faeroe) [READ-ONLY]; Atlantic Faroe (Atlantic/Faroe) [READ-ONLY]; Atlantic Jan Mayen (Atlantic/Jan_Mayen) [READ-ONLY]; Atlantic Madeira (Atlantic/Madeira) [READ-ONLY]; Atlantic Reykjavik (Atlantic/Reykjavik) [READ-ONLY]; Atlantic South Georgia (Atlantic/South_Georgia) [READ-ONLY]; Atlantic St Helena (Atlantic/St_Helena) [READ-ONLY]; Atlantic Stanley (Atlantic/Stanley) [READ-ONLY]; Australia ACT (Australia/ACT) [READ-ONLY]; Australia Adelaide (Australia/Adelaide) [READ-ONLY]; Australia Brisbane (Australia/Brisbane) [READ-ONLY]; Australia Broken Hill (Australia/Broken_Hill) [READ-ONLY]; Australia Canberra (Australia/Canberra) [READ-ONLY]; Australia Currie (Australia/Currie) [READ-ONLY]; Australia Darwin (Australia/Darwin) [READ-ONLY]; Australia Eucla (Australia/Eucla) [READ-ONLY]; Australia Hobart (Australia/Hobart) [READ-ONLY]; Australia LHI (Australia/LHI) [READ-ONLY]; Australia Lindeman (Australia/Lindeman) [READ-ONLY]; Australia Lord Howe (Australia/Lord_Howe) [READ-ONLY]; Australia Melbourne (Australia/Melbourne) [READ-ONLY]; Australia NSW (Australia/NSW) [READ-ONLY]; Australia North (Australia/North) [READ-ONLY]; Australia Perth (Australia/Perth) [READ-ONLY]; Australia Queensland (Australia/Queensland) [READ-ONLY]; Australia South (Australia/South) [READ-ONLY]; Australia Sydney (Australia/Sydney) [READ-ONLY]; Australia Tasmania (Australia/Tasmania) [READ-ONLY]; Australia Victoria (Australia/Victoria) [READ-ONLY]; Australia West (Australia/West) [READ-ONLY]; Australia Yancowinna (Australia/Yancowinna) [READ-ONLY]; Brazil Acre (Brazil/Acre) [READ-ONLY]; Brazil DeNoronha (Brazil/DeNoronha) [READ-ONLY]; Brazil East (Brazil/East) [READ-ONLY]; Brazil West (Brazil/West) [READ-ONLY]; Canada Atlantic (Canada/Atlantic) [READ-ONLY]; Canada Central (Canada/Central) [READ-ONLY]; Canada Eastern (Canada/Eastern) [READ-ONLY]; Canada Mountain (Canada/Mountain) [READ-ONLY]; Canada Newfoundland (Canada/Newfoundland) [READ-ONLY]; Canada Pacific (Canada/Pacific) [READ-ONLY]; Canada Saskatchewan (Canada/Saskatchewan) [READ-ONLY]; Canada Yukon (Canada/Yukon) [READ-ONLY]; Chile Continental (Chile/Continental) [READ-ONLY]; Chile EasterIsland (Chile/EasterIsland) [READ-ONLY]; Europe Amsterdam (Europe/Amsterdam) [READ-ONLY]; Europe Andorra (Europe/Andorra) [READ-ONLY]; Europe Astrakhan (Europe/Astrakhan) [READ-ONLY]; Europe Athens (Europe/Athens) [READ-ONLY]; Europe Belfast (Europe/Belfast) [READ-ONLY]; Europe Belgrade (Europe/Belgrade) [READ-ONLY]; Europe Berlin (Europe/Berlin) [READ-ONLY]; Europe Bratislava (Europe/Bratislava) [READ-ONLY]; Europe Brussels (Europe/Brussels) [READ-ONLY]; Europe Bucharest (Europe/Bucharest) [READ-ONLY]; Europe Budapest (Europe/Budapest) [READ-ONLY]; Europe Busingen (Europe/Busingen) [READ-ONLY]; Europe Chisinau (Europe/Chisinau) [READ-ONLY]; Europe Copenhagen (Europe/Copenhagen) [READ-ONLY]; Europe Dublin (Europe/Dublin) [READ-ONLY]; Europe Eire (Europe/Eire) [READ-ONLY]; Europe Gibraltar (Europe/Gibraltar) [READ-ONLY]; Europe Guernsey (Europe/Guernsey) [READ-ONLY]; Europe Helsinki (Europe/Helsinki) [READ-ONLY]; Europe Isle of_Man (Europe/Isle_of_Man) [READ-ONLY]; Europe Istanbul (Europe/Istanbul) [READ-ONLY]; Europe Iceland (Eurpoe/Iceland) [READ-ONLY]; Europe Jersey (Europe/Jersey) [READ-ONLY]; Europe Kaliningrad (Europe/Kaliningrad) [READ-ONLY]; Europe Kirov (Europe/Kirov) [READ-ONLY]; Europe Kyiv (Europe/Kyiv) [READ-ONLY]; Europe Lisbon (Europe/Lisbon) [READ-ONLY]; Europe Ljubljana (Europe/Ljubljana) [READ-ONLY]; Europe London (Europe/London) [READ-ONLY]; Europe Luxembourg (Europe/Luxembourg) [READ-ONLY]; Europe Madrid (Europe/Madrid) [READ-ONLY]; Europe Malta (Europe/Malta) [READ-ONLY]; Europe Mariehamn (Europe/Mariehamn) [READ-ONLY]; Europe Minsk (Europe/Minsk) [READ-ONLY]; Europe Monaco (Europe/Monaco) [READ-ONLY]; Europe Moscow (Europe/Moscow) [READ-ONLY]; Europe Nicosia (Europe/Nicosia) [READ-ONLY]; Europe Oslo (Europe/Oslo) [READ-ONLY]; Europe Paris (Europe/Paris) [READ-ONLY]; Europe Podgorica (Europe/Podgorica) [READ-ONLY]; Europe Portugal (Europe/Portugal) [READ-ONLY]; Europe Poland (Europe/Poland) [READ-ONLY]; Europe Prague (Europe/Prague) [READ-ONLY]; Europe Riga (Europe/Riga) [READ-ONLY]; Europe Rome (Europe/Rome) [READ-ONLY]; Europe Samara (Europe/Samara) [READ-ONLY]; Europe San Marino (Europe/San_Marino) [READ-ONLY]; Europe Sarajevo (Europe/Sarajevo) [READ-ONLY]; Europe Saratov (Europe/Saratov) [READ-ONLY]; Europe Simferopol (Europe/Simferopol) [READ-ONLY]; Europe Skopje (Europe/Skopje) [READ-ONLY]; Europe Sofia (Europe/Sofia) [READ-ONLY]; Europe Stockholm (Europe/Stockholm) [READ-ONLY]; Europe Tallinn (Europe/Tallinn) [READ-ONLY]; Europe Tirane (Europe/Tirane) [READ-ONLY]; Europe Tiraspol (Europe/Tiraspol) [READ-ONLY]; Europe Ulyanovsk (Europe/Ulyanovsk) [READ-ONLY]; Europe Uzhgorod (Europe/Uzhgorod) [READ-ONLY]; Europe Vaduz (Europe/Vaduz) [READ-ONLY]; Europe Vatican (Europe/Vatican) [READ-ONLY]; Europe Vienna (Europe/Vienna) [READ-ONLY]; Europe Vilnius (Europe/Vilnius) [READ-ONLY]; Europe Volgograd (Europe/Volgograd) [READ-ONLY]; Europe Warsaw (Europe/Warsaw) [READ-ONLY]; Europe Zagreb (Europe/Zagreb) [READ-ONLY]; Europe Zaporozhye (Europe/Zaporozhye) [READ-ONLY]; Europe Zurich (Europe/Zurich) [READ-ONLY]; Indian Antananarivo (Indian/Antananarivo) [READ-ONLY]; Indian Chagos (Indian/Chagos) [READ-ONLY]; Indian Christmas (Indian/Christmas) [READ-ONLY]; Indian Cocos (Indian/Cocos) [READ-ONLY]; Indian Comoro (Indian/Comoro) [READ-ONLY]; Indian Kerguelen (Indian/Kerguelen) [READ-ONLY]; Indian Mahe (Indian/Mahe) [READ-ONLY]; Indian Maldives (Indian/Maldives) [READ-ONLY]; Indian Mauritius (Indian/Mauritius) [READ-ONLY]; Indian Mayotte (Indian/Mayotte) [READ-ONLY]; Indian Reunion (Indian/Reunion) [READ-ONLY]; Mexico BajaNorte (Mexico/BajaNorte) [READ-ONLY]; Mexico BajaSur (Mexico/BajaSur) [READ-ONLY]; Mexico General (Mexico/General) [READ-ONLY]; Pacific Apia (Pacific/Apia) [READ-ONLY]; Pacific Auckland (Pacific/Auckland) [READ-ONLY]; Pacific Bougainville (Pacific/Bougainville) [READ-ONLY]; Pacific Chatham (Pacific/Chatham) [READ-ONLY]; Pacific Chuuk (Pacific/Chuuk) [READ-ONLY]; Pacific Easter (Pacific/Easter) [READ-ONLY]; Pacific Efate (Pacific/Efate) [READ-ONLY]; Pacific Enderbury (Pacific/Enderbury) [READ-ONLY]; Pacific Fakaofo (Pacific/Fakaofo) [READ-ONLY]; Pacific Fiji (Pacific/Fiji) [READ-ONLY]; Pacific Funafuti (Pacific/Funafuti) [READ-ONLY]; Pacific Galapagos (Pacific/Galapagos) [READ-ONLY]; Pacific Gambier (Pacific/Gambier) [READ-ONLY]; Pacific Guadalcanal (Pacific/Guadalcanal) [READ-ONLY]; Pacific Guam (Pacific/Guam) [READ-ONLY]; Pacific Honolulu (Pacific/Honolulu) [READ-ONLY]; Pacific Johnston (Pacific/Johnston) [READ-ONLY]; Pacific Kanton (Pacific/Kanton) [READ-ONLY]; Pacific Kiritimati (Pacific/Kiritimati) [READ-ONLY]; Pacific Kosrae (Pacific/Kosrae) [READ-ONLY]; Pacific Kwajalein (Pacific/Kwajalein) [READ-ONLY]; Pacific Majuro (Pacific/Majuro) [READ-ONLY]; Pacific Marquesas (Pacific/Marquesas) [READ-ONLY]; Pacific Midway (Pacific/Midway) [READ-ONLY]; Pacific Nauru (Pacific/Nauru) [READ-ONLY]; Pacific Niue (Pacific/Niue) [READ-ONLY]; Pacific Norfolk (Pacific/Norfolk) [READ-ONLY]; Pacific Noumea (Pacific/Noumea) [READ-ONLY]; Pacific Pago Pago (Pacific/Pago_Pago) [READ-ONLY]; Pacific Palau (Pacific/Palau) [READ-ONLY]; Pacific Pitcairn (Pacific/Pitcairn) [READ-ONLY]; Pacific Pohnpei (Pacific/Pohnpei) [READ-ONLY]; Pacific Ponape (Pacific/Ponape) [READ-ONLY]; Pacific Port Moresby (Pacific/Port_Moresby) [READ-ONLY]; Pacific Rarotonga (Pacific/Rarotonga) [READ-ONLY]; Pacific Saipan (Pacific/Saipan) [READ-ONLY]; Pacific Samoa (Pacific/Samoa) [READ-ONLY]; Pacific Tahiti (Pacific/Tahiti) [READ-ONLY]; Pacific Tarawa (Pacific/Tarawa) [READ-ONLY]; Pacific Tongatapu (Pacific/Tongatapu) [READ-ONLY]; Pacific Truk (Pacific/Truk) [READ-ONLY]; Pacific Wake (Pacific/Wake) [READ-ONLY]; Pacific Wallis (Pacific/Wallis) [READ-ONLY]; Pacific Yap (Pacific/Yap) [READ-ONLY]; US Central (US/Central) [READ-ONLY]; US East-Indiana (US/East-Indiana) [READ-ONLY]; US Eastern (US/Eastern) [READ-ONLY]; US Michigan (US/Michigan) [READ-ONLY]; US Mountain (US/Mountain) [READ-ONLY]; US Pacific (US/Pacific) [READ-ONLY]; US Hawaii (US/Hawaii) [READ-ONLY]; US Aleutian (US/Aleutian) [READ-ONLY]; US Alaska (US/Alaska) [READ-ONLY]; US Arizona (US/Arizona) [READ-ONLY]; US Pacific-New (US/Pacific_New) [READ-ONLY]; America Navajo (US/Navajo) [READ-ONLY]; US Indiana-Starke (US/Indiana_Starke) [READ-ONLY]; Asia Chita (Asia/Chita) [READ-ONLY]","false","true","false","false","false","true","HubSpot","","2.7%","",""
"Timezone Auto Update Enabled","hs_timezone_auto_update_enabled","bool","Controls whether the user's hs_standard_time_zone property auto updates based on their browser location when using timezone enabled apps","user_information","false","Yes (true); No (false)","false","true","false","false","false","true","HubSpot","","100%","",""
"Updated by user ID","hs_updated_by_user_id","number","The user who last updated this record. This value is set automatically by HubSpot.","user_information","false","","true","true","false","true","false","true","HubSpot","","95.95%","",""
"User All Accessible Teams","hs_user_all_accessible_teams","enumeration","The main team, extra team, and any child team assigned to the user.","user_information","false","","true","true","false","true","false","true","HubSpot","","37.84%","",""
"Owner assigned date","hubspot_owner_assigneddate","datetime","The most recent timestamp of when an owner was assigned to this record. This value is set automatically by HubSpot.","user_information","false","","true","true","false","false","false","true","HubSpot","","98.65%","",""
"Owner","hubspot_owner_id","enumeration","The owner of the object.","user_information","false","","true","true","false","true","false","true","HubSpot","Report (1)","98.65%","",""
"Owner's main team","hubspot_team_id","enumeration","The main team of the record owner. This value is set automatically by HubSpot.","user_information","false","","true","true","false","true","false","true","HubSpot","","37.84%","",""
"Availability Status","hs_availability_status","enumeration","Describes if the user is available for assignment","work_preferences","false","Available (available); Away (away)","false","false","false","false","false","true","HubSpot","","100%","",""
